{
	"local":{
		"time":{
			"timeout_ms":"2",
			"tout_ms_last":"967",
			"tout_ms_max":"957",
			"tout_cnt":"0"
		},
		"info":{
			"index":"399",
			"role_state":"primary_mute",
			"tx_state":"none",
			"rx_state":"disable",
			"role_cfg":"primary",
			"fsm_state":"Primary Muted",
			"ports_up":["LAN1"],
			"flags":"0",
			"traffic_port":"LAN1",
			"alt_port":"LAN2",
			"master_prot":"disable",
			"eth_mac":"00:04:a6:81:a7:f7",
			"eth_ip":"192.168.205.11",
			"eth_ip_mask":"255.255.255.0",
			"fsm.force.hold":"disable",
			"product":"15",
			"firmware":"3.25.0"
		}
	},
	"alternate":{
		"time":{
			"timeout_ms":"5023",
			"tout_ms_last":"0",
			"tout_ms_max":"5023",
			"tout_cnt":"0"
		},
		"info":{
			"index":"0",
			"role_state":"down",
			"tx_state":"unknown",
			"rx_state":"unknown",
			"role_cfg":"disable",
			"fsm_state":"Disabled",
			"ports_up":[],
			"flags":"0",
			"traffic_port":"WAN",
			"alt_port":"WAN",
			"master_prot":"disable",
			"eth_mac":"00:00:00:00:00:00",
			"eth_ip":"0.0.0.0",
			"eth_ip_mask":"0.0.0.0",
			"fsm.force.hold":"disable",
			"product":"0",
			"firmware":""
		}
	},
	"remote":{
		"time":{
			"timeout_ms":"5023",
			"tout_ms_last":"0",
			"tout_ms_max":"5023",
			"tout_cnt":"0"
		},
		"info":{
			"index":"0",
			"role_state":"down",
			"tx_state":"unknown",
			"rx_state":"unknown",
			"role_cfg":"disable",
			"fsm_state":"Disabled",
			"ports_up":[],
			"flags":"0",
			"traffic_port":"WAN",
			"alt_port":"WAN",
			"master_prot":"disable",
			"eth_mac":"00:00:00:00:00:00",
			"eth_ip":"0.0.0.0",
			"eth_ip_mask":"0.0.0.0",
			"fsm.force.hold":"disable",
			"product":"0",
			"firmware":""
		}
	},
	"remote.alternate":{
		"time":{
			"timeout_ms":"5024",
			"tout_ms_last":"0",
			"tout_ms_max":"5024",
			"tout_cnt":"0"
		},
		"info":{
			"index":"0",
			"role_state":"down",
			"tx_state":"unknown",
			"rx_state":"unknown",
			"role_cfg":"disable",
			"fsm_state":"Disabled",
			"ports_up":[],
			"flags":"0",
			"traffic_port":"WAN",
			"alt_port":"WAN",
			"master_prot":"disable",
			"eth_mac":"00:00:00:00:00:00",
			"eth_ip":"0.0.0.0",
			"eth_ip_mask":"0.0.0.0",
			"fsm.force.hold":"disable",
			"product":"0",
			"firmware":""
		}
	},
	"time_stamp":"2025-03-26 16:53:13"
}
