{
	"local":{
		"time":{
			"timeout_ms":"0",
			"tout_ms_last":"967",
			"tout_ms_max":"957",
			"tout_cnt":"0"
		},
		"info":{
			"index":"602",
			"role_state":"primary_wanwan",
			"tx_state":"primary",
			"rx_state":"primary",
			"role_cfg":"primary",
			"fsm_state":"Prim.Tx-WAN Rx-WAN",
			"ports_up":["LAN1"],
			"flags":"0",
			"traffic_port":"LAN1",
			"alt_port":"LAN2",
			"master_prot":"disable",
			"eth_mac":"00:04:a6:81:a7:f7",
			"eth_ip":"192.168.205.11",
			"eth_ip_mask":"255.255.255.0",
			"fsm.force.hold":"disable",
			"product":"15",
			"firmware":"3.25.0"
		}
	},
	"alternate":{
		"time":{
			"timeout_ms":"9",
			"tout_ms_last":"6316",
			"tout_ms_max":"6315",
			"tout_cnt":"0"
		},
		"info":{
			"index":"285",
			"role_state":"disabled",
			"tx_state":"none",
			"rx_state":"disable",
			"role_cfg":"secondary",
			"fsm_state":"Start",
			"ports_up":["LAN1"],
			"flags":"0",
			"traffic_port":"LAN1",
			"alt_port":"LAN2",
			"master_prot":"disable",
			"eth_mac":"00:04:a6:81:a7:ad",
			"eth_ip":"0.0.0.0",
			"eth_ip_mask":"0.0.0.0",
			"fsm.force.hold":"disable",
			"product":"15",
			"firmware":""
		}
	},
	"remote":{
		"time":{
			"timeout_ms":"9",
			"tout_ms_last":"6234",
			"tout_ms_max":"6234",
			"tout_cnt":"0"
		},
		"info":{
			"index":"705",
			"role_state":"primary_wanwan",
			"tx_state":"primary",
			"rx_state":"primary",
			"role_cfg":"primary",
			"fsm_state":"Prim.Tx-WAN Rx-WAN",
			"ports_up":["LAN2","LAN3"],
			"flags":"0",
			"traffic_port":"LAN3",
			"alt_port":"LAN2",
			"master_prot":"disable",
			"eth_mac":"00:04:a6:81:a7:ae",
			"eth_ip":"0.0.0.0",
			"eth_ip_mask":"0.0.0.0",
			"fsm.force.hold":"disable",
			"product":"15",
			"firmware":""
		}
	},
	"remote.alternate":{
		"time":{
			"timeout_ms":"3",
			"tout_ms_last":"6234",
			"tout_ms_max":"6234",
			"tout_cnt":"0"
		},
		"info":{
			"index":"291",
			"role_state":"disabled",
			"tx_state":"none",
			"rx_state":"disable",
			"role_cfg":"secondary",
			"fsm_state":"Start",
			"ports_up":["LAN2","LAN3"],
			"flags":"0",
			"traffic_port":"LAN3",
			"alt_port":"LAN2",
			"master_prot":"disable",
			"eth_mac":"00:04:a6:81:a7:ac",
			"eth_ip":"0.0.0.0",
			"eth_ip_mask":"0.0.0.0",
			"fsm.force.hold":"disable",
			"product":"15",
			"firmware":""
		}
	},
	"time_stamp":"2025-03-26 16:53:15"
}
