{
	"local":{
		"time":{
			"timeout_ms":"2",
			"tout_ms_last":"967",
			"tout_ms_max":"957",
			"tout_cnt":"0"
		},
		"info":{
			"index":"42044",
			"role_state":"primary_wanalt",
			"tx_state":"primary",
			"rx_state":"secondary",
			"role_cfg":"primary",
			"fsm_state":"Prim.Tx-WAN Rx-ALT",
			"ports_up":["LAN1","LAN2"],
			"flags":"0",
			"traffic_port":"LAN1",
			"alt_port":"LAN2",
			"master_prot":"disable",
			"eth_mac":"00:04:a6:81:a7:f7",
			"eth_ip":"192.168.205.11",
			"eth_ip_mask":"255.255.255.0",
			"fsm.force.hold":"disable",
			"product":"15",
			"firmware":"3.25.0"
		}
	},
	"alternate":{
		"time":{
			"timeout_ms":"7",
			"tout_ms_last":"6316",
			"tout_ms_max":"6315",
			"tout_cnt":"0"
		},
		"info":{
			"index":"45548",
			"role_state":"secondary_mute",
			"tx_state":"none",
			"rx_state":"radio_port-alt_port",
			"role_cfg":"secondary",
			"fsm_state":"Secondary Mute",
			"ports_up":["LAN1","LAN2","WAN"],
			"flags":"0",
			"traffic_port":"LAN1",
			"alt_port":"LAN2",
			"master_prot":"disable",
			"eth_mac":"00:04:a6:81:a7:ad",
			"eth_ip":"192.168.205.13",
			"eth_ip_mask":"255.255.255.0",
			"fsm.force.hold":"disable",
			"product":"15",
			"firmware":"3.25.0"
		}
	},
	"remote":{
		"time":{
			"timeout_ms":"9",
			"tout_ms_last":"311",
			"tout_ms_max":"6234",
			"tout_cnt":"1"
		},
		"info":{
			"index":"38745",
			"role_state":"primary_altalt",
			"tx_state":"secondary",
			"rx_state":"secondary",
			"role_cfg":"primary",
			"fsm_state":"Primary Standby",
			"ports_up":["LAN2","LAN3","WAN"],
			"flags":"0",
			"traffic_port":"LAN3",
			"alt_port":"LAN2",
			"master_prot":"disable",
			"eth_mac":"00:04:a6:81:a7:ae",
			"eth_ip":"192.168.205.10",
			"eth_ip_mask":"255.255.255.0",
			"fsm.force.hold":"disable",
			"product":"15",
			"firmware":"3.25.0"
		}
	},
	"remote.alternate":{
		"time":{
			"timeout_ms":"2",
			"tout_ms_last":"311",
			"tout_ms_max":"6234",
			"tout_cnt":"1"
		},
		"info":{
			"index":"41161",
			"role_state":"secondary",
			"tx_state":"alt_port",
			"rx_state":"radio_port-alt_port",
			"role_cfg":"secondary",
			"fsm_state":"Secondary Active",
			"ports_up":["LAN2","LAN3","WAN"],
			"flags":"0",
			"traffic_port":"LAN3",
			"alt_port":"LAN2",
			"master_prot":"disable",
			"eth_mac":"00:04:a6:81:a7:ac",
			"eth_ip":"192.168.205.12",
			"eth_ip_mask":"255.255.255.0",
			"fsm.force.hold":"disable",
			"product":"15",
			"firmware":"3.25.0"
		}
	},
	"time_stamp":"2025-03-27 12:00:52"
}
