{
	"local":{
		"time":{
			"timeout_ms":"0",
			"tout_ms_last":"996",
			"tout_ms_max":"995",
			"tout_cnt":"0"
		},
		"info":{
			"index":"2",
			"role_state":"disabled",
			"tx_state":"none",
			"rx_state":"disable",
			"role_cfg":"secondary",
			"fsm_state":"Start",
			"ports_up":[],
			"flags":"0",
			"traffic_port":"LAN1",
			"alt_port":"LAN2",
			"master_prot":"disable",
			"eth_mac":"00:00:00:00:00:00",
			"eth_ip":"0.0.0.0",
			"eth_ip_mask":"0.0.0.0",
			"fsm.force.hold":"disable",
			"product":"0",
			"firmware":""
		}
	},
	"alternate":{
		"time":{
			"timeout_ms":"1006",
			"tout_ms_last":"0",
			"tout_ms_max":"1006",
			"tout_cnt":"0"
		},
		"info":{
			"index":"0",
			"role_state":"down",
			"tx_state":"unknown",
			"rx_state":"unknown",
			"role_cfg":"disable",
			"fsm_state":"Disabled",
			"ports_up":[],
			"flags":"0",
			"traffic_port":"WAN",
			"alt_port":"WAN",
			"master_prot":"disable",
			"eth_mac":"00:00:00:00:00:00",
			"eth_ip":"0.0.0.0",
			"eth_ip_mask":"0.0.0.0",
			"fsm.force.hold":"disable",
			"product":"0",
			"firmware":""
		}
	},
	"remote":{
		"time":{
			"timeout_ms":"1006",
			"tout_ms_last":"0",
			"tout_ms_max":"1006",
			"tout_cnt":"0"
		},
		"info":{
			"index":"0",
			"role_state":"down",
			"tx_state":"unknown",
			"rx_state":"unknown",
			"role_cfg":"disable",
			"fsm_state":"Disabled",
			"ports_up":[],
			"flags":"0",
			"traffic_port":"WAN",
			"alt_port":"WAN",
			"master_prot":"disable",
			"eth_mac":"00:00:00:00:00:00",
			"eth_ip":"0.0.0.0",
			"eth_ip_mask":"0.0.0.0",
			"fsm.force.hold":"disable",
			"product":"0",
			"firmware":""
		}
	},
	"remote.alternate":{
		"time":{
			"timeout_ms":"1007",
			"tout_ms_last":"0",
			"tout_ms_max":"1007",
			"tout_cnt":"0"
		},
		"info":{
			"index":"0",
			"role_state":"down",
			"tx_state":"unknown",
			"rx_state":"unknown",
			"role_cfg":"disable",
			"fsm_state":"Disabled",
			"ports_up":[],
			"flags":"0",
			"traffic_port":"WAN",
			"alt_port":"WAN",
			"master_prot":"disable",
			"eth_mac":"00:00:00:00:00:00",
			"eth_ip":"0.0.0.0",
			"eth_ip_mask":"0.0.0.0",
			"fsm.force.hold":"disable",
			"product":"0",
			"firmware":""
		}
	},
	"time_stamp":"2025-03-26 18:51:14"
}
